বাংলা,চট্টগ্রাম
আমি,অ্যাঁই  
সিন্দাবাদের  ,সিন্দাবাদর
বেধেছে  ,বাইদ্ধে
 গভীর ,গভীর
আকাশের    ,আকাশের
আনবেন   ,আনিবেন
হাতুনগঞ্জে,হাতুনগঞ্জোত
আরোত,আরত
রিক্সায়,রিক্সাত
আরো,আরো
রিক্সা,রিক্সা
ভাত ,ভাত
থেকে ,তুন
আমার,অ্যাঁর
ভাংচুর,ভাংচুর 
খেয়েছে,খাইয়্যে
দূরবীণে,দূরবীণত
কাজের,হামের
রাগ,গুসসা
আনন্দের,আনন্দর 
আনন্দে,আনন্দে
প্রস্তুত,ফসতুত 
 আওয়াজ,আবাছ
কাজে,কামে
করছি,গইজ্জি
 করছে,গরের
একেবারে,এক্কোবারে
যাও   ,যো
যাওয়া ,যন
চালাক ,চালাক
পরিণতি  ,পরিণতি
মনে ,মনত
যাওয়ার,যনঅর
মনের ,মনর 
করছো ,গইজ্জ
জ্বালা ,জ্বালা
আশ্চর্য,আসচাইজ্জ
জ্বলে,জ্বলে
সবার ,বেজ্ঞুনের
বাকি,বাকি 
আযথা,বাইক্কে 
জ্বালায়,জ্বালাত 
আয়োজনে,আয়োজনত
বউ ,বউ
হোক ,হোক 
চায় ,চায়
অভিনয়   ,অবিনয়
কালো,হালা
অভিযোগ,অভিযোগ 
অভিযোগের,অভিযোগর
সুন্দর,সুন্দর
পুকুর,পইর
পুকুরে,পইরত
খরগোশ,হরগোশ
বাড়ির,বাড়ির
খরগোশের ,হরগোশঅর 
কচ্ছপ,হচ্চফ     
ছোট,ছোড
আবদার,আবদার 
বিয়ে,বিয়া
বিয়ের ,বিয়ার
করেছে,গইজ্জে
করেন,গরন
ভাই,বদ্দা
চুকচুকা,চুকচুইক্কা
বেঁচে,বাঁচি
বাবাকে,বাপেরে
প্রয়োজন,প্রয়োজন
বললাম	,হইলাম
বলল,হইলো  
করাবা ,গরাবা
হাঁটে,আডে
একদিন,একদিন
হাঁটার,আডিবার 
আতঙ্ক,আতঙ্ক
যাবো ,যাইয়্যুম
বান্ধবি,বান্ধবি
তোমার ,তোঁয়ার
হাঁটা,আডা
তোমারা,তোঁয়ারা
করুক,গরুক
জন্য ,লাই
আনবো,আইন্নুম
কড়িওয়ালা,হরিআলা 
সব,হক্কল
মিটিয়ে,মিটায়
সময়,সমত
সম্পত্তি,সম্পত্তি 
কথা,হথা
শিক,শিখ
ছাতা,ছাতা
থাকবে,থাইব
 থাক,তাক
মেয়ে,মাইয়্যা
কাশি,হাশি 
থাকুন ,থাইক্কুন
বার্ম,বর্মা
হাশরের,হাশরর
কাধের,হাডর
কাধ,হাড
করবে,গরিবে
শরীর,শরীর 
পরে ,বাদে / ফরে
থাকি,থাহি
কি ,কি
মাঝেমাঝে,মাজেমাজে
লাথি ,লাথি
ধাক্কাতে,বাইজ্জেতে
চিঠি,চিডি
জোয়ারে  ,জোয়ারে
ভাটা,ভাডা
মুক্তি,মুক্তি 
থাকিস,থাকস
দিব,দিয়্যুম
নেবেন,লইয়্যুন
পক্ষ ,পক্ষ
কুমড়া,হদু
নিবি    ,লইব্যি
ভাষায়,ভাষাত
নে  	,ল
আপোস,আফশ
করবা,গরিবা
ডাকে,ডাহে
ডাকো,ডাহো
বন্ধ,বন্ধ  
প্রজাতি,ফজাতি  
গোলামের,গোলামোর 
থাবা  ,থাবা  
বন্যার,বানঅর
বন্যায়,বানত 
কাছে,হাছে 
যার ,যার
চালায়,চালাই
বন্ধু ,বন্ধু 
জোরে,জোরে
চান  ,চন
জোর,জোর
হাতি ,হাতি 
হাতিকে,হাতিরে 
,যুক্তিতর্ক 
গায়ে,গাত 
হাত,আঁত
থাকার,থাহনের
পায়ে,ঠেংঅত 
চলান্যি,চালানো
হাতেরটা,আঁতরগান
পা ,ঠ্যাং
পায়েরটা   ,ঠ্যাংঅরগান
পায়ের,ঠ্যাংঅর
মিলানো,মিলানি
চালানোর,চলান্যির
মাথায়,মাতাত
হাতে,আঁতত
হাতের,আঁতর
কিছুতেই,হনোব্বগতে   
দিয়ে,দি  
মুড়িয়ে    ,মুড়াই 
বলো,ক    
স্কুলের,স্কুলর
অনুষ্ঠানে,অনুষ্ঠানত
আমাকে,অ্যাঁরে
ধোঁকা  	,দাগা
হওয়া,অন
ময় মুরুব্বির,মই মুরুব্বির
আপনার,অনের 
কয় দিনের ,ক দিনর
লাভ,ফায়দা
অনেরে,আপনাকে
যাচ্ছি,যাইরগুই
প্রানটা,পরান্নান
নোয়াখালির,নোয়াহাল্লে
পয়সা,ফয়সা
কামাবি,হামাবি
আপাতত,আপাতত 
বন্ধুকে,বন্ধুরে 
ঘরে	,ঘরত
রেখে 	,রাহি
কেন,কিল্লাই
দিনের ,দিনর 
বন্দেগীতে,বন্দেগীত
আপন,আফন 
আপনি,অনে
চেহারা,চিয়ারা
ভান,ভান
ভক্ত,বক্ত
বক,বোগা 
না,ন
বলা,হোন
বলুন,হন
উচিত,উচিত 
তুমি,তুই 
কোথায়,হডে
কোন,হোন
তুই,তুঁই
খেলবি,হেলবি
খেলব,খেইল্যুম
পড়,ফর
শুক্রবার,শুক্কুরবার
হেঁটে,আডি
খেলতে,খেলিতে
খুঁজে,তোঁয়াইন
 খুঁজতে,তোঁয়াইতে  
নাকি ,নি
 খুলি,খুলে 
রোদ,রোদ
কবুতর,হবুতর 
পরীক্ষা,পরীক্ষা
মেয়ের,মাইয়্যার
ব্যাপারি,বেয়্যারি 
আছস,আছিস
লুয়োই,লুকিয়ে
যাবি,যাবি
আছি,আছি
লেগেছে,লাইগ্যে
ফেলল,ফেলাইলো
ভাল,গম
লেগে,লাগি
টিয়া,টিয়া
চড়ানো,চরাইন্যা 
রাখাল,রাহাল 
ব্যবহার,ব্যবার
ব্যবহারে,ব্যবারত
মানায়,মানায় 
ভাল লাগে,ভাল্লাগে
ছেলে,ফোয়া
মুগ্ধ,মুগ্ধ
ছেলের,ফোয়ার 
রাখালের,রাহালঅর 
হাটে,হাডত
ব্যর্থতা,ব্যর্থতা
লাগছে,ল্যার
খাচ্ছি,হাইদ্দি
কাজ,কাম
আরেকটা,আরেক্কান
নেই,নাই
সায়ানা,সিয়ানা  
অশ্বত্থ,অটঁ
কে,কেডা
মা রে মা,মারেম্মা
কাটা,কাডা
কাটে,কাডে
উল্টো,উলটো
সহজে,সহজে
তাহলে,তঁইলে
ভালোবাসে,ভালোবাসে
এই,এই
ধাক্কায়,ধাক্কাত
সহ্য,সইজ্জো  
যুবক/ পুরুষ,মরতফোয়া
পাচ্ছি,পাইয়র
খেয়েছো ( প্রশ্ন),হাইওনা
খাওয়াতে,হাবাইত
পাড়লে,পাইল্লে
ফাটিয়ে,ফাডাই  
পারতো,পইত্ত
পাড়ে,পারত
গিরগিট,টোট্টেং 
ফুটবলে,ফুটবলত 
বরই,বরই 
রাজকন্যা,রাজকন্যা
তালে,তালোত
তাল,তাল
বাদ্য,বাইদ্য 
হজম,অজম
আঁজাই,হারিয়ে
খাওয়ার ,হাওনর 
কার,হার
খতম,খতম
খেয়ে,হাই
খাই,হাঁই
হারবার,কারবার
এজন্য,এতেল্লেই
কাদায়,ফ্যাকত 
কলিজার,কলজার
নিজেকে,নিজেরে 
দাঁতে,দাঁতত
নিজে,নিজে 
ধরার,ধরিবার
ধরন,ধরন
গলায়,গলাত
ধরনের,ধরনর
ভেড়াকে,ভেড়ারে
দৌড়াতে,দুরিত
খরচ,খরচ
আমল ,আমল
ওখানে,এডে
এতো,এদ্দুর   
তেলাপোকার,তেইল্ল্যাছোরা 
নিচে,তলে
খাওয়ার,হাওনর
খাওয়া,হাওন
সমাধান,সমাধান
পরিচিত,পরিচিত
হচি,কচি
ছায়া,ছামা
জানের,জানর 
জানে,জানে 
নিজের,নিজর
জানলে,জানিলে
ঝগড়া,হইজ্যে
জাতের,জাতর
খুঁড়ে,খুঁড়ি 
চাকরি,চঅরি
করিস,গরিস
নিল,লইল
লইলে,নিলে
সাম্পানে  , সাম্পানত
প্রসাব করবে   	  ,মুতিব
সামলিয়ে,সামলাই
সামনে,সামনে
ভরে,ভরি
পেলে,পাইলে
গেথে,গাথি
হিংসা,হিংসা
জনকে,জনরে
পড়াশুনায়,পড়াশুনাত
গুরুজনের, গুরুজনর 
অগ্রাজ্য,অগ্রাজ্য 
ছুটে,ছুঁডি 
তল্লাশি,তল্লাশি 
শুয়োরের,শুয়োরর
ঘাম,ঘাম
আলা,শালা
ফেলবে,ফেলাইব্যু
দিইয়্যি,দিইয়্যি
রাখবো,রাইক্ষুম
রাখবে,রাইবো
লাগলেন,লাইজ্ঞুন
ফেটে,ফাডি
গলে,গলে 
আটকে,আটকে 
রাজশাহী ,রাশাই
মেনে,মানি
মানা,মানা
চারিদিকে,চারিমিক্কে
অদরকারে ,বেদরহারে
দিকে,মিক্কে
সাথে,লগে
অর্জন,অর্জন 
বেধে,বাঁধি
বাটপারি,বাটপারি 
টক,হাট্টা 
মন,মন
বেয়াদবি,বেয়াদবি 
ছেড়ে,ছাড়ি
ইফতার,ইস্তের
ইফতারি,ইস্তেরি 
করার,গরিবের
কান,হান
উঁচু,হাড়া
যখন,যেত্তে
 সত্য,আচা 
জবাই,জবাই 
ফেলবো,ফেলাইয়্যুম
খেলে,হাইলে 
বাড়িতে,বাড়িত
শুনলে,হুনিলে
যেন,যেন 
বল,হ
ঘামানোর,ঘামাইবার
এসব,এগিন
ভরা,ভরা 
এসো,আইস্যু
মেঘ,মেঘ
খোপায়,খোপাত
পড়বে,ফরিবু
কদম,কদম
রান্নাকর,রান্দো
রান্না,রান্দা 
পড়া,ফরা
রাখছেন,রাইক্ষুন
পড়িনি,ফরিনি
পড়ি,ফরি
পড়ে,ফড়ি
পড়ার,ফরার
পাদ,ফাদ
কর,গর
দাও,দ
পিছর,পিছনের
ঠিক,ঠিক 
ব্যাংকে,ব্যাংকওত 
পিছনে,ফিছে
বুঝিস,বুঝস
পিছন ,ফন্দে
ছাড়া,ছাড়া 
মতামত,মথামথ
খোদার,হুদার 
সোজা,সিদা
ঢোকে,ঢুকের
শুনালে,হুনাইল
কেড়ে,হারি
কসম,হচম
হচ্ছে,অইলদে
একবারে ,এব্বেরে
লুচ্চা,লুইচ্চা
গায়ে,গাত
পায়খানা,আগি 
বাজালে,বাজাইল
দেখে,চ্যাঁই
হাসবে,হাসিবা
হাসে,হাসে
আরামে,আরামে
অপরাধ,অপরাধ
থাপ্পড়,থাপ্পড়
পারছি,ফারির
কয়টা,কয়ডা
বলেন,কন
সনদের,সনদর 
কথায়,হথায়
ছেঁড়া,ছেঁড়া
খুশিতে,খুশিত
দেখলাম,দেইক্কি
টমেটো,খাট্টাবাইয়্যুন
দেখেছে,দেইক্কে
আনতে,আনোন
আনিবি,আনবি
ফতুর,ফতুর 
আজার,হাজার
ঘোমটা,ঘোমটা
এমনিতেই,এনেই 
চোখে,চুখত
এমনি,এনে 
ঘিরে,ঘিরে
চোরের,চোরের 
গুনে,গুনি
গুপ্তধনের,গুপ্তধনর
ভাগ্য,ভাইজ্ঞ 
তোমাকে,তোঁয়ারে
পোড়া,পোড়া
কপালি,হোয়ালি
নেবো,লইইয়্যুম
মৌমাছি,মধুপুক
স্কুলে,স্কুলুতঁ
যাবার,যায়বের
ফকির,ফইর
দৌড়,দোর
চামড়া,চামড়া
রাখালকে,রাহালরে
ছেড়া,ফাডা  
ওবাবা,অবাপ
পিঠা,পিডা
পিঠে,পিডে 
পিঠ,পিড
অর্ধেক,আদ্ধান
বিদ্যুৎ,ঝিল্কি
আমলকী,  আলতি 
বিদ্যুৎ চমকাচ্ছে,ঝিল্কি মারে
আছো,আছো
নারিকেলের,নাইরকল
শাস ,ফস 
আদেশ,আদেশ
আছে,আছে
নিজেই,নিজেই
আছেন,আছোন
সংসারে,সংসারত 
মেরে,মারি 
নিজেদের,নিজুরার
কামড়,হঅর 
খয়রাত/ভিক্ষা,হরাত
মেরেছে ,মাইজ্জে
আলপিনের, আলপিনর
পছন্দ,ফসন্দো
ভাতে,ভাতোত 
হবে,অইব্যু
চাহিদা,চাহিদা
জন্মে,জন্মত 
বানান,বানান
ভেজালের,ভেজাইল্যা
দুবাইয়ের,ডুবাইয়্যুর
দুবাই,ডুবাই
বেজার,বেজার
ডুব,ডুব 
যাক,যাক
হবো ,অইয়্যুম
পোশাক,লেবাস 
ফেরী,ফেরী 
ন্যাকামো করা,আজল হোয়লদ্দে 
আসলে,আইলে
কানে,হানত
কানের,হানর
যায়,যায়
মরবি,মরিবি 
পরামর্শ,পরামর্শ
কসাইয়ের,হসাইঅর
কসাই,হসাই
খালা,খালা
আসবে , আইবে
হঠাৎ,আতিক্কে
পেয়েছে,পাইয়্যে
ভয়,ডর
ভয়ে,ডরে
খেয়াল,খেয়াল
পেয়েছিলাম,ফাইয়্যি
পেয়েছিস,পাইয়ুস
অন্ধ,আন্ধা
পেয়েছো ,ফাইয়্যু
আলাদা,জুদা
মেঘের,মেঘর
বাঁধা,বাধান
স্বামী,সোয়ামি 
যেখানে,যেডে 
দাওয়াত,দত
এলাম,আইলাম
মরার,মউতের
মিস্ত্রি,মিস্তিরি
করিস,গরিস
বালিশ,বালুশ
পৌঁছাতে,ফঁছিত
যে,যে
এখানে,ইয়েন 
চট্রগ্রাম,চিটাং
চট্টগ্রামের,চিটাংঅর  
গ্রহণ,গ্রহণ 
অফিস,অপিস
গ্রামে,গ্রামত 
অফিসে,অপিসত 
ঈদের ,ঈদুর   
পিটন,ফিডানি
কর্পোরেশন,কপোরেশন
অপমান,অফমান
এখান,এয়ান
উঠি,উডি
উঠিয়ে,উডিয়ে
উঠতে,উডন
উঠ,উড
এতক্ষন,এতক্ষন
দিয়ে,দি
ঘুমাতে,গুমজন
যেন,যেন 
উঠাবো,উঠামু
উঠান,উডোন 
করতে,গরিতে
পাওয়া,পাওন
বেলায়,বেলাত
পারবি,ফারিবি
পাবি,ফাবি
হাজির,হাজির 
মিনিটে,মিনিটত 
মিনিটের, মিনিটর 
কন্ট্রাক্টে,কন্টাকে
বেলা,বেইল 
করতাম,গইত্তাম
বলার,হইবের
ভাবে,ভাবে
জিজ্ঞাসা,পুঁছার
কিভাবে,কেনে
বলতাম,হইতাম
চুলে,চুলত
কৃষ্ণচূড়ার,কৃষ্ণচূড়ার
থেকো,থাইক্যু
চিনো,চিনোছ
ভিতরে,বিতুরে
দাবি,দাবি
টিপার,টিববার 
ধড়ফড়  ,ধরফর
বিশ্বাস,বিশ্বাস 
ভুলে,ভুলে
কাপড়,হর
মাখি,মাইক্কি
ক্ষুধা,ভুগ
কলরবে,কলরবে
গুলোকে/সবাইকে ,অক্কলরে
বলি,হই
বলিস,হইস
শক্তি,বল
শক্ত,শক্ত
শক্তিশালী,শক্তিশালী 
বস,বঅ
আফসোস,আপসোস
সৃষ্টি,ফয়দা 
শকুনেরা,শকুনেরা 
শকুনের,শকুনর 
লিচু,লেচু
বিখ্যাত,বিখ্যাত
বসে,বৈ
এতক্ষণ,এতক্ষণ
খুঁজছিস,খোজরনে
ভাতিজা,ভাইফুত
সে,ইতে
দিলাম,দিলাম
ঘুরে,ঘুরি
চড়,চোঁয়ার
বলুন,হন
দিলে,দিলে
গল্প,গফ
গল্প সল্প,গফ সফ
ঘুরবো,গুইজ্জুম
গল্পের,গফের 
গরমের,গরমর
ছুটি,ছুটি
চোটে,চোটে
গ্রীষ্মকাল,গরমহাল
ঘুরাবে,ঘুরাইবা
কপালি,হোয়ালি
অসুস্থ,অসুস্ত
জ্বর,জ্বর
গায়ে,গাত
জ্বরের,জ্বরর
সুযোগ,সুজুগ 
ভাঙায়ে,ভাঙাইয়্যে
কপাল,হপাল 
কপালে,হপালত 
জোগাড়,জুগার  
গায়ের,গার
করা,গরা
কোথাও,কোনমিক্কে 
দিয়েছি,দিয়্যি
লাগাবো,লাগাইয়্যুম
খারাপ ,হারাপ
রাখার,রাখিবার
আজকাল,আইজকাল 
কোথায় ,হডে
রাখি,রাহি
পাত্রী,ফাঁতরি 
আমেরিকায়,আমেরিকাত
লোভী,লোভী 
আজকের ,আজিয়ের 
আধা,আধা
আজকে,আজিয়েত
বলবো,হইয়্যুম
জানোয়ার, জানোয়ার 
জানালার,জানালার  
বলবেন,হইয়্যুন
জানা,জানা
অনুরোধ,অনুরোধ
পাঠিয়েছিস,পাঠাইওদি
পাঠিয়ে,ফাটাই
গায়েব,গাইব
ধুবে,ধুইবা
গিলবি,গিলিব্যু
বংশ,খান্দান
বংশের ,খান্দানর
ইন্ডিয়ার,হন্ডিয়ার
বলেছিল,হইয়্যিল
বলেছি,হইদি
দাঁড়িয়ে,খারাই
দাঁড়া,খারা
শিল্পপতির,শিলফোপতির 
জঙ্গলে,জঅলত 
আপু,আফা
বিপদে,বিপদত 
আজকে,আজিয়ে
মোড়,মুড়
কূলের,কূলর
দূর্ভাগা,দূর্ভাগা 
দেখাব,দেহাইয়ুম 
কূল,কূল
কম্বলের,হম্বলের   
বলে,কইয়্যরে
প্রতারিত,প্রতারিত
দেখা ,দেহা
দেখাই,দেহাই
দেখাবি,দেহাবি
মতে,মতে
কারণে,হারণে
বলছি,হইদ্দি 
কারণ,হারণ
হয়,অয়
পরিশ্রম,পরিশ্রম
করি,গরি
নড়ার,নরিবার 
রকমারি,রহমারি
যত্নে,যত্নেত
যত্ন,যত্ন
কঠিন,কোদিন
নিতে,লইত
দরকারি,দরাহারি 
ত্রুটি,ত্রুটি
উপহার,উপহার
হয়েছে,হইয়্যে
ফলাফল,ফলাফল
শুনে,শুনি
দিতাম,দিতাম
গাই,গাঁই
পড়,ফড়
দরকার,দরহার
করে,গরে
দেখায়,দেহায়
পড়ার,ফড়ার 
বিস্কুট,বিস্কুট
থাকা,থাওন
ঢিল,ডিঁয়া
এড়িয়ে,এড়াই
হাবলুকে,হাবলুরে 
ঠেলায়,ঠেলাত
হাসতে,আঁইশতে
গাই,গাঁই
বলেছে,হদ্দে
বোকার,বোকার
করবি,গরিবি
বোকামি,বোকামি
কতদূর,হদ্দুর
কিছুদুর,এক্কানাদূর
কোরবানির,কোরবাইন্না
মাংস,গোস্ত
শাশুড়ী,অঅরি
শ্বশুর,অঅর
গোপন,গোফন 
দূরে,দূরে 
নিচু,নিচ 
কোভিডে,কোভিডত 
ধৌঁয়ার,ধৌঁয়ার
বাংলায়,বাংলাত 
এলাকায়,এলাহাত
প্রশ্নের,ফশ্নর
দিঘী,দিঘী
প্রশ্ন,ফশ্ন
পড়তে,ফরতে
দিবে,দিতি
বিয়োগ,বিয়োগ
যোগ,যোগ
চাপা,চাপা
নদীতে,নদীতে 
বুঝলাম,বুজিলাম
হাসছো,হাসো
দেবে,দিব্যু
কামরাঙ্গার, হউরোর 
দোকানদারকে,দোকানদারইবারে
লাগে,লার
দেখব,দেইক্ষুম
সুইমিংপুল,সুইমিংপুল
দেখলে,চ্যাঁইলে
দেখল,চ্যাঁইল   
একদম,একদম
দেখতে,চ্যাঁইতে
দেখতাম,চ্যাঁইতাম
দেখবে,চ্যাঁইবে
চিবিয়ে,চাবাইয়্যে
এখন,এহন
দেখিস,চ্যাঁইস
টুকরো,টুরো
একাই,একলাই
একা,একলা
চাঁদ,চাঁন
বিস্ময়,বিস্ময়
চাঁদের,চাঁনের 
অন্ধকার,অন্ধকার
দেখি,চ্যাঁই
বিচার,বিসার
কেউ,কেউ 
রাজ্যের,রাজ্যর
পরেনা,ফরেনা
থাকতে,থাইতে
চিরুনি,চুয়াদি 
ভেঙ্গে,ভাঙি
করাতে,গরাইতে
তোর,তুঁর
খেজুর,খাজুর 
তোরা,তুঁরা
বেইজ্জত,বেজ্জ্যুত  
নষ্ট,নষ্ট
তোকে,তোঁরে
করিয়ে,গরাইয়্যরে
জীবনে ,জীবনত 
মরণে,মরণত 
চিন্তিত,ফেরেশান 
বনে,বনত 
গেছে,গেইয়্যে
করলে,গইল্লি
করলাম,গইল্লাম
দিত,দিত
মেঘ,মেঘ 
পাকবে,পাকিব্যু
কিনারে,কিনারে 
আশায়,আশাত 
দেখিও,চ্যাঁইও
আসুক,আইয়্যুক 
কানাডা,হানাডা 
ধোলাই,ধুলাই
চিন্তায়,চিন্তাত
চিন্তা,চিন্তা 
বাতি,বাতি
কবিতার,কবিতার 
সুর,সুর
মনোযোগ,মনোযোগ 
বোনের,বইনের
নামোতা,নামাতা
বোন,বইন
বোনকে,বইনরে 
আসুন,আইয়্যুন 
করো,গরো
আসো,আইয়্যু
সুবিধা,সুবিদা
হোটেলে,হোটেলত
কত,হতো
কতক্ষণ,হতোক্ষন
কতক্ষণর,হতোক্ষনর  
চলবে,চলিবু
শ্বাস,শ্বাস 
অনেক /খুব,বহুত  
আসতে,আইত  
আসবো,আইসুম
আসবি,আবি
ঢাকা,ঢাহা
লেখাপড়া,লেয়াপড়া
আসছি,আইর
লেকের,লেকোর
পড়ালেখা,পড়ালেহা
কোঁকড়া,খোডা
কয়জনের, হজনের
ঝামেলায়,জামিলাত
চলে,চলি
চলতে,চল্যিত 
ঝাপ,ঝাপ
নজরুলের,নজরুলর
ঝাপিয়ে,ঝাফাই 
ছিলাম,আসসিলাম
বাড়াবো,বাড়াইয়্যুম
তো,তো
ছাদে,সাদোত 
বাড়িয়ে,বাড়াই
সকালে ,বেইন্যে
মিথ্যা,মিছা 
দিতে,দন
শেষ,শেষ
অসুখ,অসুখ 
ঘুমাচ্ছিস,ঘুমযর 
পারিস,ফাড়োস
পারি,পারি
যানজট,যানজট
জাম,জাংগুলা 
পারবো,পাইজ্জুম
তবে,তয় 
শহরে,শহোরত
যাই,যাই
যেয়ে,য্যাই
কেনার,কিনিবার 
সন্ধ্যায়,আজুইন্নে
কিনতে,কিনিতি
যায়,যায় 
কিনে,কিনি
নিস,লস
বানাস,বানছ
নাস্তা,নাস্তা
বানিয়েছে,বানাইয়্যে
বানিয়ে,বানাই
মজার,মজার
মজা,মজা
হায়াত,অয়াত
অত্যাচারীর,জালিমের
অত্যাচারী, জালিম
গেছি,গেয়্যি
অত্যাচার,জুলুম
কবুল,হবুল  
ফেনা,ফেনা
সাজেকে,সাজেকঅত
মহামানব,মহামানব
সাজার,সাজিবার
সেজে,সাজি
গাড়ি,গাড়ি
দেরি,দেরি
বয়সের,বয়সের
আমাদের ,অ্যাঁরার
সেটি,ইয়ান
আমাদেরকে,অ্যাঁরারে
আমরা,অ্যাঁরা
অবস্থা,অবস্থা   
শুদ্ধ,শুদ্ধ
মরা,মরা 
অবস্থায়,অবস্থাত
বান্ধবি,বান্ধবি 
আক্রান্ত,আক্রান্ত
ফেল,ফেলো
ফেলি,ফেল্যাই
নগরী,নগরী 
যেমন,যেল্লে
চেপে,চিবি
বুকের,বুহর
প্রতিষ্ঠান,প্রতিষ্টান
প্রতিষ্ঠিত,প্রতিষ্টিত
কক্সবাজার ,হক্সোবাযার
টানতে,টাইনতে 
বেশি,বেশি
বায়না,বায়না
স্রোতের,স্রোতর
পড়াতো,ফরাইতু
ঐটি,ঐয়ান
বাড়ানোর,বারাইবের
উনি/সে,ইতে
হয়ে,অই
তারপর,তারপর
তখন,তহন 
শুটকি,উঁনি
পরিবেশ,পরিবেশ
অল্প,অল্প 
টিকটকে, টিকটকওত 
তার,ইতার
প্রিয়,প্রিয় 
পাট,নাড়ি
অন্যজন,অন্যজন
জাহির,জাঁইর
পাখি,ফাখি 
পাখির,ফাখির
তারা,ইতারা
রাতের,রাইতের 
মরে,মরি
কৈ,হই
পাকা,পাক্কা
ঝর হলে,ঝর পইল্যে
ফাকে,পাকে
খিচুরি,খেচুরি
তলায়,তলায়
নিচে,তলাত
ফিরেও,ফিরিও 
ফিরে,ফিরি
রাবণের,রাবণর
নামে,নামে 
তৈলাক্ত,তেলতেইল্লে
প্রেম,ফিরিত
ব্যাঙের,ব্যাঙর 
সিদ্ধান্ত,সিদ্ধান্ত
প্রেমে,ফিরিতওত
প্রেমের,ফিরিতওর 
এমন,এন
পারতাম,ফ্যাইত্তাম
লাগাতে,লাগুন
ঘুরতে,ঘুরতে 
ফালতু,ফালতু 
পাহাড়,মুরা
বললে,হইল্যে
লাগালে,লাগাইলে 
হরিণ,অরিণ
খাবো,হাইয়্যুম 
ওঠে,উডে
যাচ্ছে,যার
মাসের,মাইস্যা
পরিচর্যা,পরিচর্যা
মেয়েদের,মাইয়্যাঅলর
দেই,দ্যি
ধোয়াসা,ধুয়োইস্যে
থাকে,থাহে
তাকে,ইতারে
ভরে,ভরি
ভাল্লুকের,ভালুকের 
শিখিয়েছে,শিকাইয়্যে 
বদমাইশি,বদমাইশি 
ভালবাসি,ভালবাসি
ভালবাসা,ভালবাসা 
থাক,থাহ
দূষণ,দূষণ
খপ্পর,হপ্পর
খপ্পরে,হপ্পরত 
সান্তনা,সান্তনা
ঝড়,ঝড়
ফুটানি,ফুডনি 
ঝড়ে,ঝড়ত
পাবো,পাইয়্যুম
ক্ষতি,ক্ষতি 
ভিজে,ভিজে 
ভিজলে,ভিজিলে 
খেতে,হাইতে
হাল চাষ,হাল চাষ
হলে,অইলে
শীতে,শীতত 
হল,অইল 
দিঘীতে,দিঘীত
ডাল,ডাইল
বন্ধুত্ব,বন্ধুত্ব
সোনার,সোনার
বিদেশি,বিদেশি
বিদেশে,বিদেশেত 
ছেলেকে,ফোয়ারে 
ঘটিয়ে,ঘটাই
কুমড়োর,অরির 
কুমড়ো,অরি
দেশে,দেশত  
ঝরে,ঝরত
শুধু,উধে
ক্ষমতা,ক্ষমতা
কেমন,ক্যান 
মাইর,মাইর
ডালে,ডাইলঅত
ডাল,ডাইল
থাকবো,থাইক্কুম
কান্নার,হান্দনের
কান্না,হান্দন
সরিষার,সইষ্যের
ছেলেমেয়েকে,ফোয়ামাইয়্যাগুন
মেয়েকে,মাইয়্যারে 
গত,গত 
পাস,ফাশ 
মধ্যে,মাজে
কানায়,হানায়
আলো,আলো
দুনিয়াতে,দুনিয়েত
দুনিয়া,দুনিয়ে
বর্ষা কালে,বর্ষা কাইল্যা
ধুয়ে,ধুই
অন্য,অন্য
অন্যের,অন্যর   
নাও,ল
পুরস্কার,পুরস্কার
করেছ,গইজ্জো
যদি,যদি
অন্যদিকে,অন্যমিক্কে 
তরকারি,ছালন
ছাড়িস,ছারস
টেকা,টিগন
মুশকিল,মুশকিল
করেছি,গইজ্জি
বমি,বমি 
সুন্দরি,সুন্দরি
করেছিস,গইজ্জু
জুতা,জুতা
জলদি,হারা
মার্জিত,মার্জিত
মুখ,মুক
রুচি,রুচি
জিনিসটি,জিনিসইবে 
মুখে,মুকে
মুখের,মুকের
ডাক্তারের,ডাক্তরর 
পূরণ,পূরণ 
গেছিস,গেইয়্যুস
প্রতিদিন,ফত্তিন
প্রতিদিনের,ফত্তিনর 
কুঠারর,কুঠারের 
দাও,দ
মন্দিরে,মন্দিরত  
পরিস,পরিস
পরিচয়,পরিচয়
পরিক্ষা,পরিক্কে
কালকে,হালিয়্যে
প্রথম,ফতম
পড়িয়ে,পড়াই
পত্র,ফত্র
বোরখা,বোরহা
পড়েছ,পইজ্জু
বাঁকা,বেহা 
ফুটিয়ে,ফুডায়
পুরো,ফুরো
পুরাতন,পুরাইন্না
নম্বর,লম্বর
জুড়িয়ে,জুড়াই
পেঁপে,কৈইয়া  
পাবে,ফাইবে
ঠাট্টায়,ঠাট্টাত
কিছু,কিসু
বুঝা,বুজা
সময়,সমত
চোখ,চুখ
সমাজে,সমাজত 
পরিবারে,পরিবারত
বুঝার,বুজিবের 
থাকলে,থায়লি    
বুঝতে,ঠওর 
থাকল,থাকিল
নামিয়ে,নামাই  
দুটো/দুইটি,দুয়ো
দুইটা,দুইয়্যান
বুঝি,বুজি
কারখানা,কারখানা
মানে,মানে 
বুঝবো,বুইজ্জুম
বুঝবি,বুঝিবি
কামানে,কামানত 
চোটে,চোডে
লাগিয়ে,লাগাই
প্রাচীনকালে,প্রাচীনকালত 
হরিণের,অরিণের
ধনুকে,ধনুকত
বাহিরে,বাইরে
প্রাচীন,প্রাচীন 
বাহির,বাইর 
বুঝবে,বুঝিবো
চিবোয়,ছাবাই
বিক্রি ,বেচি
বেচবো,বেইচ্চুম
দৌড়াদৌড়ি,দুরাদুরি
সারাদিন,গুডাদিন
সারাজীবন,গুডাজীবন
বেড়ায়,বেড়ায়
শয়তান,শতান
শয়তানি,শতানি 
চাল,চইল
চালের,চালঅর
জবাব,জোয়াব
দিবি,দিতি
বলতে,হইতে
এনে,আনি
খাবে,হাইব্যু
ধরেছি,দয়্যজ্জি
হলাম,অইলাম
নিবেন,লইবেন
ঔষধ,ওষধ
ঔষধের,ওষধর
কাগজ,কাগজ 
তেমন,ইল্লে
খাবার,হানা
নতুন,নয়া
লবণ,নুন
নিবে,লইবে
গড়গড়া,গড়গড়া
নিবা,লইবা
ধরে,ধরি
বত্রিশটা,বত্রিশ্যয়া
বুঝেছিস,বুইজ্জোস
ফেলে,ফেলায়
অবাক,অবাক
সবাই,বেজ্ঞুনে 
খুশি,খুশি 
ফেলেছি,ফেলাইয়্যি
কম্বল,হম্বল
রাখিস,রাহিস
কয়টা,কয়ডা
পর্যন্ত,পইযুন্ত
অপেক্ষার,অপেক্ষার
চর্বি,চরব
অপেক্ষায়,অপেক্ষাত
দাঁড়কাক,দাঁড়কাক 
অপেক্ষা,অপেক্ষা
শুনি,ফুনি
চড়ানো,চড়ান 
শুয়ে,লেডি
শুনার,পুনিবার
শুনা,পুনা
রাস্তায়,রাস্তাত
যাবে,যাইব্যু
যাবেন,যাইবেন
এসেছেন,আইসসুন
ধরবি,দরিবি
মোরগ,লাতাকুরো
মারতে,মারিত
পাই,ফাই  
করল,গরিল
নামাজে,নামাজত
পড়লে,পইল্লে 
বাঁকিয়ে,বাকাইয়ে 
দরদ,গরজ
সর্দারনী,সর্দারনী
দরদে,গরজে
এসেছে,আইসসে
ছুড়ে,মেলা
মারি,মারি
কোনদিন,হোনদিন
উড়ে,উড়ি
বদলে,বদল
বাচ্চাকে,ছারে
বাচ্চা,ছা
বাচ্চার,ছার 
রাতে,রাইতে 
যেত,যাইত্যু
শান্তিতে,শান্তিত
শান্তি,শান্তি
পুতুলের,পুতুলের
একটা,উজ্ঞো
শিয়ালের,শিয়ালর 
শিয়াল,শিয়াল
একটু,এক্কানা
যেতে,যাইতাম
হুজুর,উজুর 
বিরাতে,বিরাতত
হুশিয়ার,উশিয়ের
সারা,গুডা 
রাত,রাইত
সারারাত,গুডারাইত
সারাবছর,গুডাবছর 
মার্কেটে,মার্কেডেত
লাকড়ি,লাকড়ি 
মার্কেট,মার্কেড 
লাফ,ফাল
পালে,ফালে
বিড়ালের,বিলাইঅর 
বিড়াল,বিলাই
করোনার,করোনাত
মারবি,মারিবি
মারবে,মারিব্যু
ঘরের,ঘরর
ফেইল,ফেল
ঘুলির,ঘাডার
মানুষকে,মাইনসেরে 
মানুষের,মাইনসের
মানুষ,মানুষ
দয়াতে,দয়াত 
নিবো,লইইয়্যুম
খড়,খের
লাকড়ি,লাখড়ি
খায়,হায়
নেমে,লামি
মন্ত্রী,মন্ত্রী
মহিষ,মৈষ
এসে,আই
নৌকা,নাও 
নৌকাতে,নাওত
ডুবা,ডুবন  
ঘাটের,ঘাডর
ঘাটে,ঘাডত
ঘাড়,ঘাড়
ঘাড়ে,ঘাড়ত
চুলকাতে,হাজ্জইতে 
চরানো,চরান
চুল,চুল
যাস,যাস 
কষ্ট,কষ্ট 
পরের,ফরর
করেছিলাম,গইজ্জিলাম 
পর,ফর
ইঁদুর,উন্দুরে
খনন,খনন 
বিরিয়ানি,বিরেনি
সেখানে,ওডে
কাটলে,কাডিলে
শুরু,শুরু 
পরিস্কার,সাফ
দয়া,দয়া
লোহা,লোয়া
মোটামুটি,মোটামুটি
তাই,তাই
মেজ,মাইঝ্যা
পায়,পায়
মানুষগুলো,মানুষঅক্কল
কিসে,কিওত
স্বাধীনতা,স্বাধীনতা
পড়ল,পইজ্জে
টুকটুকে,টুইটুইক্কা
ঘুষের,ঘুষর
পুড়িয়ে,পোরাই
ঢঙের,ঢঙর 
মেজবান,মেজ্জান 
পড়েছে,ফইজ্জে
পুড়ে,ফুড়ি
গোড়া,গোড়া 
টাকা,টিঁয়া
টাকার,টিঁয়ার 
স্বপ্নে,খোয়াবে
স্বপ্নের,খোয়াবের
স্বপ্ন,খোয়াব
সামর্থ্য,সামর্থ্য 
সারাক্ষণ,আমিশখন
অচল,অচল  
সারাক্ষণের ,আমিশখনর
ছিল,আইসসিল
হিজড়া,ইজারা
রঙ্গে,রঙ্গত
নেয়,লয়
রঙ,রঙ
পায়চারি,পায়চারি
কাথা,কেথা
ছেচে,ছেঁচি
কাক,কাউয়া
কাঁঠাল,কাট্টল
বুঝে,বুজে
বুঝেছেন,বুঝন
মারবো,ফিট্টোম
মাঠ,মাঠ 
ফলের,ফলের
জরিমানা,জরিমানা
দুঃখ/ব্যাথা,দুক
দুঃখে,দুকে
ফুলকে,ফুলরে 
খবর,হবর 
ফুলের,ফুলের
আওয়াজ ,আবাজ 
খবরদার,হবরধার
কুকুরের,কুত্তার
কাঁদে,হাঁন্দে
গাল,গাল
গালে,গালত
বাঁকা,বেআ  
গালি,গাইল 
ধারে,ধারত
মহিলার,বেডির
মাহিলা,বেডি 
চুপ,চুপ
চুলায় ,চুলোত 
বলবি,হবি
সেকেন্ডে,সেকেন্ডত
সেই,হেই
গ্লাস,গেলাস 
চুরি,চুরি 
গ্লাসে,গেলাসত
চুরির,চুরির
বৃষ্টি,বৃষ্টি
বৃষ্টিতে,বৃষ্টিত
কারিগর,কারিগর 
ভাঙ্গা,ভাঙ্গা
প্রাসাদের,প্রাসাদর
চিৎকার,চিৎকার
কারিগরের,কারিগরর
চিকন,চিয়ুন
চিকিৎসক,বৈদ্য
এসব,এগিন
রোজ,নিত্ত
চড়বো,চইজ্জুম
কিসের,কিয়ের
পালন,ফালন
আগে,আগে 
পাল্লায়,পাল্লাই
পালবে,ফালিব্যু 
মিলে,মিলিয়ে
দোস্তি,দোস্তি
দেখিয়ে,দেহাই
বাবার ,বাপের
আগুন,অইন
মিলেমিশে,মিলিমিসি 
আসি,অ্যাই 
অহংকারী,দেমাগি
অহংকার,দেমাগ
অহংকারের,দেমাগের
উঠবে,উডিব্যু
ফোনের,ফোনর
আসে,অ্যাইয়ে
ধরেছে,ধইজ্জে
আসার,আইসসিল
উঠবি,উডিবি
মেহমান,মেমান
পুরষ্কার,পুরষ্কার
বিরক্ত,বিরক্ত
ঐজন্য,ইতেল্লা
যাস,যচ 
তোমরা,তোঁয়ারা
তোমাদের,তোঁয়ারার
অভ্যাস,অব্যাস  
আসছে,আইব্যু 
রাজপুত্ররা,রাজপুত্ররা 
দোয়া,দোয়া
দোয়ায়,দোয়াত  
পেট,পেট
পেটে,পেটেত 
জায়গা,জাগা
জায়গার,জাগার
টিকে,টিকে
এটির,ইবের  
আবার,আবার 
জায়গায়,জাগাত
এটিকে,ইবেরে
এটি,ইবে
গানে,গানত
বাগানের,বাগানর
বাগানে,বাগানত
দরজায়,দরজাত
কুড়াতে,পেঁড়াইতে
টেবিলের,টেবিলর
নেওয়া,লন
মায়ের,মার 
নেওয়ার,লনঅর 
সবকিছু,বেক্কিছু
সবকিছুর,বেক্কিছুর
রাখে,রাহে
নিশ্চিন্তে,নিশ্চিন্তে 
ডিম,দিম
রাখো,রাহ 
আগায়,আগাত  
করত,গইত্তু 
দেখার,দেহার
দেখাত,দেখাইত্যু
মুরগি,কুরো  
মুরগির,কুরোর  
গাছের,গাছর
গাছে,গাছেত 
মাটিতে,মেডিত 
জেগে,চেতন
খাস,হাস
দেওয়ার,দিবের
মাটির,মেডির 
মাটি,মেডি
পরবে,ফইত্ত
লাটসাহেবের,লাটসাহেবর 
জানলাম,জানিলাম
দেওয়া,দিবে
প্রতিযোগিতায়,প্রতিযোগিতাত
কখনো ,হনঅত্তে
কখন,কহন
প্রজন্মের,ফ্রজন্মর
কম,হম
আত্নহারা,আত্নহারা
মগ্ন,মগ্ন 
বানাতো,বানাইত্যু  
বানাতে,বানাইতু
মঞ্চ,মনছ
তোলে,তুলে
পাতা,পাতা
তুলে,তুলি 
দিও,দিও  
নরম,নরম
বিনাশ্রমে,বিনাশ্রমত 
এরকম,এরম 
তুলতে,তুলিত
একমাত্র,একমাত্র 
চেয়েছি,চাইলাম
চাইতে,চাইত
পানাহ,ফানা
কমে,হমে
গিয়ে,গিয়্যি
দোকানে,দোকানত
মাতামাতি,মাতামাতি
এরজন্য,এতোল্লাই
আগের,আগুর 
দেশের,দেশর 
তাদের,ইতারার
চেষ্টা,চেষ্টা
জাদু,জাদু
জাগিয়ে,জাগিয়ে
তাদেরকে,ইতারারে
জানিস,জানোস 
হৃদয়,দিল
দিয়েছে,দিইয়্যি 
পারবে,ফাইত্ত
ঢেলে,ঢালি
জানো,জানো
ধর্মে,ধর্মেত
অনির্বানের,অনির্বানর
পারার,ফারিবের
গাইবার,গাইবের
একত্র,একত্তর
অনেকক্ষণ,বহুতক্ষণ 
গেলাম,গেলাম
রসালো,রসাল্লো
হই,ওই
সমস্যা,সমস্যা
সমস্যায়,সমস্যাত
পাছায়,পুন্দুত
যা,যা 
ময়লা,হাছাড়া
চাকর,চাকর
ফেরী,ফেরী
চাকরকে,চাকররে
থামে,থামে
গেলে,গ্যিলে
সুন্দরী,সুন্দরী
এসেছিল,আইচ্ছিল
ইচ্ছা,ইচ্ছা
এসেছি,আইচ্ছি
গেল,গিল
বাজারে,বাজারত 
পারলে,পারিলে 
মারার ,মারাইবের
এসেছ,আইস্সো
আচ্ছা,আইচ্ছা 
পর্দা,পদ্দা
কানুন,কানুন
এসেছিস,আইচ্চুস
ঠাণ্ডা,টান্ডা
করবো,গইজ্জুম
পেরিয়ে,ফারওই
বাতাস,বাতাস 
পার,ফার 
বাতাসের,বাতাসর
রূপে,রূপত
জানোয়ারকে,জানোয়াররে 
রূপের,রূপর  
আনন্দিত,আনন্দিত 
পারে,ফারে
ব্যাপার,ব্যাফার 
গ্রুপের,গ্রুফুর  
মাধ্যমে,মাইধ্যমে
ব্যাপারে,ব্যাফারে
তাড়াতাড়ি,হারা   
পারবেন,ফারিবেন
করবেন,গরিবেন
জানতে,জানিত
তৈরির,বানাইতু 
দেবার,দিবেল
লিখে,লিহে
চলল,চলিলো
লেখা,লেহা
পানিতে,পানিত 
উপরে,উদ্দি
মিষ্টি,মিডে
কুসুম কুসুম,কুমকুম
পানি,পানি 
আঙুল,আঙুল
পানের,ফানের
পান,ফান
পোহালে,ফোয়াইলেই
লাগবে,লাইব্যু
বুদ্ধি,বুদ্ধি
ক্লান্ত,ক্লান্ত
গোষ্ঠী,গুষ্টি
কুবুদ্ধি,কুবুদ্ধি
পারো,ফারো
সুখী,সুখী 
গোবর,গোঅর
মত,নান
বুড়ি,বুড়ি
টিপ,টিপ
লাঠি,লাডি
বেয়াদপ,বিয়াদপ
টিপে,চিবি
যুগের,যুগর
ফেলতাম,ফেলাইতাম
হত.,অইত্যু
হতে,অইত
ছোট্ট,গুঁড়া
খালি,হাইল্ল্যা
উদ্দেশ্য,উদ্দেশ্য
ছোট,ছোড
মগজে,মগজত
ছোটবেলা,ছোডবেলা
বাঁদর,বাঁদর 
খালুর,হালুর
খালু,হালুর
শিকারী,শিকারী
শিকারীর,শিকারীর
নিয়ে,লইয়্যে
শিকার,শিকার 
সুখে,সুখত 
জোড়া/জমজ,জইক্কা
ব্যবসায়ী,ব্যবসায়ী
বড়,ডঁর 
খেয়ো,হাইস 
বরফের,বরফের
খাবি,হাবি
বুড়ো,ব্যুইড়া
লজ্জা,লাজ
লজ্জায়,লাজে
বেহায়ার,বেহাইয়্যার
সুগন্ধে,হুশবত
বাঁচায়,বাঁচায়
বাটা,বাইট্টে
ভোরে,পইত্তে
শেষে,শেষে
পিঁপড়া,ফিঁয়ারা 
ডেকে,ডাহি
শেষের,শেষর
বাধবো,বাইন্দুম
পাঠাতে,ফাঠাতে
তৃষ্ণায়,তিরাইষ্যাত
তৃষ্ণা,তিরাইষ্যা
বানালে,বানাইলে
কেটে,হাডি
পাগলের,পলের 
পাগল,পল
বাঁচাবে,বাঁচাইবে 
ঘাটাঘাটি,ঘাডাঘাডি 
বানিয়েছিস,বানাইয়্যুস
যারা,যারা
ডাক,ডাক
দেয়ালের,দেয়ালর
মালিককে,মালিকরে
বাঁচতে,বাঁচিত
ডাকাডাকি,ডাহাডাহি
দেয়,দে
দেয়া,দওন
খেয়াল,খিয়াল
পাকিয়ে,পাকায়
রয়েছে,রইয়্যে  
বরই,বরই 
ফাটালি ,ফাডাইল্যি   
ফুটফুটে,ফুইটফুইট্টা
প্রিন্টের,ফ্রিন্টর
কামিজ,খামিস
মাউলানা,মুলিছাফ 
উৎসব,উৎসব
উপকার,উপকার
উপায়,উপায়
